Team,WIN%,MIN,PTS,FGM,FGA,FG%,3PM,3PA,3P%,FTM,FTA,FT%,OREB,DREB,REB,AST,TOV,STL,BLK,BLKA,PF,PFD,+/-,Conf,Div,W/L%,MOV,ORtg,DRtg,NRtg,MOV/A,ORtg/A,DRtg/A,NRtg/A,PER_top5,PER_top10,PER_mid5
Milwaukee Bucks,0.732,48.2,118.1,43.4,91.1,47.6,13.5,38.2,35.3,17.9,23.2,77.3,9.3,40.4,49.7,26.0,13.9,7.5,5.9,4.8,19.6,20.2,8.9,E,C,0.732,8.87,114.23,105.76,8.47,8.05,113.89,106.23,7.66,99.1,157.5,58.4
Toronto Raptors,0.7070000000000001,48.5,114.4,42.2,89.1,47.4,12.4,33.8,36.6,17.7,22.0,80.4,9.6,35.6,45.2,25.4,14.0,8.3,5.3,4.5,21.0,20.5,6.1,E,A,0.7070000000000001,6.09,113.99,108.0,5.99,5.49,113.78,108.4,5.38,92.7,153.7,61.0
Golden State Warriors,0.695,48.3,117.7,44.0,89.8,49.1,13.3,34.4,38.5,16.3,20.4,80.1,9.7,36.5,46.2,29.4,14.3,7.6,6.4,3.6,21.4,19.5,6.5,W,P,0.695,6.46,116.63,110.24,6.39,6.42,116.6,110.24,6.37,91.19999999999999,157.99999999999997,66.8
Denver Nuggets,0.659,48.1,110.7,41.9,90.0,46.6,11.0,31.4,35.1,15.8,20.9,75.5,11.9,34.5,46.4,27.4,13.4,7.7,4.4,5.0,20.0,20.4,4.0,W,NW,0.659,3.95,113.76,109.62,4.14,4.2,113.74,109.35,4.39,90.60000000000001,153.0,62.4
Houston Rockets,0.6459999999999999,48.4,113.9,39.2,87.4,44.9,16.1,45.4,35.6,19.3,24.4,79.1,10.2,31.9,42.1,21.2,13.3,8.5,4.9,4.5,22.0,20.0,4.8,W,SW,0.6459999999999999,4.77,116.25,111.43,4.82,4.97,116.45,111.43,5.03,95.5,158.3,62.8
Portland Trail Blazers,0.6459999999999999,48.4,114.7,42.3,90.6,46.7,11.0,30.7,35.9,19.0,23.3,81.4,11.8,36.2,48.0,23.0,13.8,6.7,5.0,5.1,20.4,20.7,4.2,W,NW,0.6459999999999999,4.2,115.45,111.07,4.38,4.44,115.63,111.01,4.62,88.9,156.3,67.4
Philadelphia 76ers,0.622,48.3,115.2,41.5,88.2,47.1,10.8,30.2,35.9,21.2,27.5,77.1,10.9,36.9,47.8,26.9,14.9,7.4,5.3,4.1,21.3,22.1,2.7,E,A,0.622,2.7,113.21,110.58,2.64,2.26,113.16,110.97,2.19,94.4,154.7,60.300000000000004
Utah Jazz,0.61,48.2,111.7,40.4,86.4,46.8,12.1,34.0,35.6,18.8,25.5,73.6,10.0,36.4,46.4,26.0,15.1,8.1,5.9,4.6,21.1,22.4,5.3,W,NW,0.61,5.26,111.35,106.11,5.24,5.29,111.23,105.94,5.28,81.3,146.6,65.3
Boston Celtics,0.598,48.2,112.4,42.1,90.5,46.5,12.6,34.5,36.5,15.6,19.5,80.2,9.8,34.7,44.5,26.3,12.8,8.6,5.3,3.9,20.4,19.5,4.4,E,A,0.598,4.44,112.78,108.35,4.43,3.9,112.57,108.69,3.88,86.9,159.89999999999998,73.0
Oklahoma City Thunder,0.598,48.4,114.5,42.6,94.0,45.4,11.4,32.6,34.8,17.8,25.0,71.3,12.6,35.5,48.1,23.4,14.0,9.3,5.2,5.1,22.4,22.5,3.4,W,NW,0.598,3.4,110.85,107.53,3.31,3.56,110.71,107.22,3.49,89.4,138.3,48.900000000000006
Indiana Pacers,0.585,48.1,108.0,41.3,87.0,47.5,9.5,25.4,37.4,15.8,21.1,75.2,9.3,33.7,43.0,26.0,13.7,8.7,4.9,5.2,19.4,20.0,3.3,E,C,0.585,3.33,110.62,107.23,3.39,2.76,110.31,107.5,2.8,78.0,149.79999999999998,71.8
Los Angeles Clippers,0.585,48.4,115.1,41.3,87.5,47.1,10.0,25.8,38.8,22.6,28.5,79.2,9.7,35.8,45.5,24.0,14.5,6.8,4.7,6.1,23.3,24.0,0.9,W,P,0.585,0.85,113.14,112.33,0.81,1.09,113.29,112.22,1.06,90.8,148.2,57.400000000000006
San Antonio Spurs,0.585,48.3,111.7,42.3,88.4,47.8,9.9,25.3,39.2,17.2,21.0,81.9,9.2,35.5,44.7,24.5,12.1,6.1,4.7,4.0,18.1,19.6,1.7,W,SW,0.585,1.68,113.3,111.55,1.75,1.81,113.3,111.42,1.88,85.2,154.5,69.3
Brooklyn Nets,0.512,48.7,112.2,40.3,89.7,44.9,12.8,36.2,35.3,19.0,25.5,74.5,11.0,35.6,46.6,23.8,15.1,6.6,4.1,5.3,21.5,22.0,-0.1,E,A,0.512,-0.07,110.3,110.36,-0.06,-0.4,110.15,110.56,-0.41,79.8,136.1,56.3
Orlando Magic,0.512,48.2,107.3,40.4,89.1,45.4,11.4,32.1,35.6,15.0,19.2,78.2,10.0,35.4,45.4,25.5,13.2,6.6,5.4,4.4,18.6,18.7,0.7,E,SE,0.512,0.71,109.46,108.82,0.65,0.28,109.26,109.05,0.21,84.0,150.6,66.6
Detroit Pistons,0.5,48.4,107.0,38.8,88.3,44.0,12.1,34.8,34.8,17.3,23.1,74.7,11.4,33.6,45.0,22.5,13.8,6.9,4.0,5.1,22.1,21.3,-0.2,E,C,0.5,-0.24,109.93,110.13,-0.2,-0.55,109.86,110.38,-0.53,77.2,134.2,57.00000000000001
Charlotte Hornets,0.476,48.4,110.7,40.2,89.8,44.8,11.9,33.9,35.1,18.4,23.1,79.7,9.9,33.9,43.8,23.2,12.2,7.2,4.9,6.0,18.9,20.6,-1.1,E,SE,0.476,-1.1,112.1,113.16,-1.06,-1.31,112.11,113.41,-1.3,76.60000000000001,154.60000000000002,78.0
Miami Heat,0.476,48.1,105.7,39.6,88.0,45.0,11.3,32.4,34.9,15.1,21.7,69.5,11.2,35.1,46.3,24.3,14.7,7.6,5.5,4.7,20.9,20.1,-0.2,E,SE,0.476,-0.23,108.22,108.35,-0.13,-0.45,108.03,108.39,-0.36,74.9,148.6,73.7
Sacramento Kings,0.476,48.1,114.2,43.2,93.1,46.4,11.3,29.9,37.8,16.5,22.7,72.6,11.0,34.4,45.4,25.4,13.4,8.3,4.4,5.1,21.4,21.4,-1.1,W,P,0.476,-1.12,111.17,112.19,-1.02,-0.81,111.29,112.0,-0.71,83.10000000000001,153.70000000000002,70.6
Los Angeles Lakers,0.451,48.2,111.8,42.6,90.5,47.0,10.3,31.0,33.3,16.3,23.3,69.9,10.2,36.4,46.6,25.6,15.7,7.5,5.4,5.1,20.7,20.8,-1.7,W,P,0.451,-1.72,108.52,110.18,-1.66,-1.32,108.46,109.71,-1.26,75.2,143.8,68.60000000000001
Minnesota Timberwolves,0.439,48.4,112.5,41.6,91.3,45.6,10.1,28.7,35.1,19.1,24.3,78.7,11.3,33.5,44.8,24.6,13.1,8.3,5.0,5.5,20.3,21.9,-1.5,W,NW,0.439,-1.5,112.04,113.54,-1.51,-1.02,112.31,113.32,-1.01,80.2,155.5,75.30000000000001
Dallas Mavericks,0.402,48.2,108.9,38.8,86.9,44.7,12.5,36.6,34.0,18.8,25.3,74.2,10.1,35.2,45.3,23.4,14.2,6.5,4.3,4.5,20.1,23.2,-1.3,W,SW,0.402,-1.28,110.19,111.41,-1.22,-0.86,110.29,111.08,-0.79,76.89999999999999,139.0,62.099999999999994
Memphis Grizzlies,0.402,48.5,103.5,38.0,84.4,45.0,9.9,28.9,34.2,17.7,23.0,77.2,8.8,33.0,41.8,23.9,14.0,8.3,5.5,4.9,22.0,21.4,-2.6,W,SW,0.402,-2.6,106.96,109.66,-2.7,-2.08,106.93,109.09,-2.17,76.1,155.4,79.3
New Orleans Pelicans,0.402,48.2,115.4,43.7,92.2,47.3,10.3,29.9,34.4,17.8,23.4,76.1,11.1,36.2,47.3,27.0,14.8,7.4,5.4,5.4,21.1,21.0,-1.3,W,SW,0.402,-1.33,111.85,113.1,-1.25,-1.1,111.98,112.98,-1.01,90.60000000000001,149.9,59.29999999999999
Washington Wizards,0.39,48.6,114.0,42.1,90.1,46.8,11.3,33.3,34.1,18.4,23.9,76.8,9.7,32.7,42.4,26.3,14.1,8.3,4.6,4.6,20.7,21.2,-2.9,E,SE,0.39,-2.9,111.72,114.56,-2.84,-3.3,111.72,114.97,-3.25,82.5,153.8,71.3
Atlanta Hawks,0.354,48.4,113.3,41.4,91.8,45.1,13.0,37.0,35.2,17.6,23.4,75.2,11.6,34.5,46.1,25.8,17.0,8.2,5.1,5.5,23.6,22.2,-6.0,E,SE,0.354,-6.02,108.71,114.41,-5.7,-6.06,108.83,114.59,-5.76,71.60000000000001,144.4,72.8
Chicago Bulls,0.268,48.5,104.9,39.8,87.9,45.3,9.1,25.9,35.1,16.2,20.7,78.3,8.8,34.1,42.9,21.9,14.1,7.4,4.3,5.8,20.3,18.7,-8.4,E,C,0.268,-8.41,105.45,113.94,-8.49,-8.32,105.49,113.9,-8.41,75.7,130.79999999999998,55.1
Cleveland Cavaliers,0.232,48.2,104.5,38.9,87.6,44.4,10.3,29.1,35.5,16.4,20.7,79.2,10.7,31.9,42.7,20.7,13.5,6.5,2.4,5.6,20.0,19.4,-9.6,E,C,0.232,-9.61,108.5,118.54,-10.04,-9.39,108.83,118.64,-9.82,77.3,147.5,70.2
Phoenix Suns,0.232,48.5,107.5,40.1,87.4,45.9,9.6,29.3,32.9,17.6,22.7,77.9,9.1,31.3,40.4,23.9,15.6,9.0,5.1,5.0,23.6,20.7,-9.3,W,P,0.232,-9.34,106.29,115.55,-9.26,-8.61,106.59,115.11,-8.52,78.4,144.7,66.3
New York Knicks,0.207,48.2,104.6,38.2,88.3,43.3,10.0,29.5,34.0,18.1,23.9,75.9,10.5,34.3,44.7,20.1,14.0,6.8,5.1,5.6,20.9,20.8,-9.2,E,A,0.207,-9.21,105.13,114.39,-9.26,-8.92,105.31,114.3,-8.98,60.2,135.60000000000002,75.39999999999999
